id,company_id,year,sales,expenses,operating_profit,opm_percentage,other_income,interest,depreciation,profit_before_tax,tax_percentage,net_profit,eps,dividend_payout,net_profit_margin,calculated_opm
96,ADANIENSOL,Mar 2024,16607,10896,5711.0,30.0,611,2767,1776,1780,33.0,1196,10.0,0.0,7.201782380923707,34.38911302462817
219,AXISBANK,Mar 2013,27183,17516,8313.0,1353.0,5,6551,352,7553,31.0,5179,22.0,16.0,19.05234889452967,30.58161350844278
220,AXISBANK,Mar 2014,30641,18690,9644.0,2307.0,8,7405,364,9349,33.0,6218,26.0,15.0,20.293071374955126,31.474168597630626
221,AXISBANK,Mar 2015,35479,21254,11127.0,3097.0,9,8365,406,11057,33.0,7358,31.0,15.0,20.739028721215366,31.36221426759492
222,AXISBANK,Mar 2016,40988,24155,13367.0,3466.0,8,9371,444,12394,34.0,8224,35.0,14.0,20.064409095344978,32.611983995315704
223,AXISBANK,Mar 2017,44542,26449,23808.0,-5715.0,-13,11691,509,5468,33.0,3679,15.0,33.0,8.259620133806294,53.450675766692115
224,AXISBANK,Mar 2018,45780,27163,28895.0,-10277.0,-22,10967,568,122,-99.0,276,1.0,0.0,0.6028833551769331,63.11708169506335
225,AXISBANK,Mar 2019,54986,33278,27155.0,-5447.0,-10,13130,710,6974,33.0,4677,18.0,6.0,8.505801476739535,49.385298075873855
226,AXISBANK,Mar 2020,62635,37429,35066.0,-9859.0,-16,15537,773,4904,67.0,1627,6.0,0.0,2.5975892073122058,55.984673106090845
227,AXISBANK,Mar 2021,63346,34107,31749.0,-2510.0,-4,12264,948,8806,25.0,6588,22.0,0.0,10.400025258106274,50.119976004799035
228,AXISBANK,Mar 2022,67377,34245,29962.0,3170.0,5,15221,1008,17383,25.0,13025,42.0,2.0,19.33152262641554,44.4691808777476
229,AXISBANK,Mar 2023,85164,42218,29089.0,13857.0,16,16143,13094,16906,43.0,9580,31.0,3.0,11.248884505189986,34.15645108261707
230,AXISBANK,Mar 2024,109369,59474,37943.0,11952.0,11,22442,1334,33060,25.0,24861,81.0,1.0,22.73130411725443,34.69264599658038
231,AXISBANK,TTM,120659,67033,44566.0,9061.0,8,25243,0,34304,,26386,85.0,,21.86824024730853,36.935495901673306
258,BAJFINANCE,Mar 2015,5392,2274,1752.0,1367.0,25,26,36,1357,34.0,898,18.0,10.0,16.654302670623146,32.49258160237389
259,BAJFINANCE,Mar 2016,7299,2959,2354.0,1986.0,27,35,56,1965,35.0,1279,24.0,10.0,17.522948349088914,32.25099328675161
260,BAJFINANCE,Mar 2017,9970,3853,3250.0,2867.0,29,22,71,2817,35.0,1836,33.0,11.0,18.415245737211634,32.59779338014042
261,BAJFINANCE,Mar 2018,12746,4696,4115.0,3935.0,31,10,102,3843,35.0,2496,43.0,9.0,19.58261415345991,32.28463831790366
262,BAJFINANCE,Mar 2019,18487,6723,5454.0,6310.0,34,13,144,6179,35.0,3995,69.0,9.0,21.609779845296696,29.501812084167252
263,BAJFINANCE,Mar 2020,26374,9608,9159.0,7608.0,29,9,295,7322,28.0,5264,87.0,11.0,19.959050580116784,34.72738302874043
264,BAJFINANCE,Mar 2021,26673,9519,10839.0,6314.0,24,3,325,5992,26.0,4420,73.0,14.0,16.5710643722116,40.63659880778315
265,BAJFINANCE,Mar 2022,31641,9855,11880.0,9906.0,31,-17,385,9504,26.0,7028,116.0,17.0,22.211687367655887,37.546221674409786
266,BAJFINANCE,Mar 2023,41411,12701,12693.0,16018.0,39,-5,485,15528,26.0,11508,190.0,16.0,27.7897177078554,30.65127623095313
267,BAJFINANCE,Mar 2024,54972,18886,16099.0,19987.0,36,6,683,19310,25.0,14451,233.0,15.0,26.287928399912687,29.285818234737686
268,BAJFINANCE,TTM,62279,21918,18943.0,21417.0,34,29,779,20667,,15389,248.0,,24.709773760015413,30.416352221455067
269,BANKBARODA,Mar 2013,36442,24486,10950.0,1006.0,3,4511,322,5195,9.0,4829,23.0,19.0,13.251193677624718,30.047747104988748
270,BANKBARODA,Mar 2014,40463,27604,12049.0,809.0,2,5555,368,5996,18.0,5036,23.0,19.0,12.4459382645874,29.777821713664338
271,BANKBARODA,Mar 2015,44915,30547,13466.0,902.0,2,5449,368,5983,36.0,3950,18.0,18.0,8.794389402204164,29.981075364577535
272,BANKBARODA,Mar 2016,45799,32107,25391.0,-11700.0,-26,5992,525,-6233,-19.0,-5033,-22.0,0.0,-10.98932291098059,55.440075110810284
273,BANKBARODA,Mar 2017,44473,29596,19250.0,-4372.0,-10,7937,540,3024,41.0,1855,8.0,15.0,4.171070087468801,43.28468958694039
274,BANKBARODA,Mar 2018,46056,29160,26093.0,-9197.0,-20,7992,901,-2106,-9.0,-1836,-7.0,0.0,-3.986451276706618,56.654941809970474
275,BANKBARODA,Mar 2019,52906,32506,25815.0,-5414.0,-10,7887,948,1525,29.0,1166,4.0,0.0,2.203908819415567,48.79408762711223
276,BANKBARODA,Mar 2020,78895,50040,40583.0,-11728.0,-15,12191,1697,-1234,-99.0,981,2.0,0.0,1.2434248051207302,51.439254705621394
277,BANKBARODA,Mar 2021,74314,43201,38070.0,-6957.0,-9,14687,1357,6373,77.0,1620,3.0,0.0,2.1799391770056786,51.22857065963344
278,BANKBARODA,Mar 2022,73385,38815,37518.0,-2948.0,-4,14395,1438,10008,23.0,7933,15.0,19.0,10.810111058118144,51.12488928255093
279,BANKBARODA,Mar 2023,94503,49942,38231.0,6329.0,7,16275,2040,20565,29.0,15005,29.0,19.0,15.877802821074463,40.45480037670762
280,BANKBARODA,Mar 2024,118379,69899,44379.0,4102.0,3,23399,1702,25799,29.0,18869,36.0,21.0,15.93948250956673,37.4889127294537
281,BANKBARODA,TTM,124144,74160,46459.0,3526.0,3,23807,0,27332,,20144,39.0,,16.226317824461916,37.423475963397344
360,CANBK,Mar 2013,34070,26198,7217.0,655.0,2,3308,191,3771,22.0,2995,12.0,19.0,8.790724977986498,21.182858820076316
361,CANBK,Mar 2014,39570,30606,9636.0,-672.0,-2,4144,230,3242,20.0,2672,10.0,19.0,6.7525903462218855,24.351781652767247
362,CANBK,Mar 2015,43813,34133,10302.0,-621.0,-1,4733,429,3683,22.0,2931,11.0,17.0,6.689795266245178,23.513569032022456
363,CANBK,Mar 2016,44039,34263,17785.0,-8008.0,-18,5266,172,-2914,-13.0,-2535,-9.0,0.0,-5.756261495492632,40.38465905220373
364,CANBK,Mar 2017,41457,31540,15691.0,-5775.0,-14,7852,331,1746,29.0,1411,5.0,4.0,3.403526545577345,37.84885544057698
365,CANBK,Mar 2018,41345,29113,25582.0,-13350.0,-32,7398,456,-6408,-36.0,-3873,-11.0,0.0,-9.367517233039061,61.874470915467406
366,CANBK,Mar 2019,47951,32339,27202.0,-11590.0,-24,9907,429,-2111,-99.0,696,2.0,0.0,1.4514817209234425,56.72874392609122
367,CANBK,Mar 2020,49759,35817,26809.0,-12867.0,-26,11799,446,-1514,34.0,-1921,-4.0,0.0,-3.8606081311923472,53.87769046805603
368,CANBK,Mar 2021,70253,45182,43437.0,-18367.0,-26,23086,838,3882,30.0,2957,4.0,0.0,4.2090729221527905,61.82938806883692
369,CANBK,Mar 2022,70614,43035,41235.0,-13657.0,-19,23643,841,9145,37.0,6158,7.0,19.0,8.720650295975302,58.39493584841533
370,CANBK,Mar 2023,85885,52990,42772.0,-9877.0,-12,25325,1021,14427,25.0,11345,12.0,19.0,13.209524363975083,49.80147872154625
371,CANBK,Mar 2024,110519,72118,46146.0,-7745.0,-7,28646,902,20000,26.0,15401,17.0,19.0,13.935160470145405,41.753906568101414
372,CANBK,TTM,119392,80351,48026.0,-8985.0,-8,30394,0,21409,,16571,18.0,,13.879489413025997,40.22547574376843
373,CHOLAFIN,Mar 2013,2570,1410,688.0,472.0,18,1,22,452,32.0,308,4.0,16.0,11.98443579766537,26.770428015564203
374,CHOLAFIN,Mar 2014,3279,1769,932.0,578.0,18,1,25,554,34.0,368,5.0,14.0,11.222933821286977,28.42329978652028
375,CHOLAFIN,Mar 2015,3715,1958,1061.0,696.0,19,0,30,666,33.0,444,6.0,11.0,11.951547779273216,28.559892328398384
376,CHOLAFIN,Mar 2016,4214,2048,1266.0,899.0,21,2,22,879,35.0,575,7.0,12.0,13.64499288087328,30.042714760322735
377,CHOLAFIN,Mar 2017,4694,2228,1322.0,1143.0,24,3,39,1107,35.0,718,9.0,12.0,15.296122709842352,28.163613123135917
378,CHOLAFIN,Mar 2018,5559,2657,1451.0,1451.0,26,0,51,1401,34.0,918,12.0,11.0,16.51376146788991,26.101816873538407
379,CHOLAFIN,Mar 2019,7108,3588,1632.0,1888.0,27,1,57,1832,35.0,1197,15.0,8.0,16.840180078784467,22.960045019696118
380,CHOLAFIN,Mar 2020,8712,4592,2421.0,1699.0,20,0,111,1588,34.0,1054,13.0,13.0,12.098255280073463,27.789256198347108
381,CHOLAFIN,Mar 2021,9583,4576,2913.0,2094.0,22,56,102,2048,26.0,1521,19.0,11.0,15.871856412396953,30.397579046227698
382,CHOLAFIN,Mar 2022,10148,4298,2926.0,2924.0,29,84,101,2908,26.0,2154,26.0,8.0,21.225857311785575,28.83326763894363
383,CHOLAFIN,Mar 2023,12884,5748,3621.0,3515.0,27,220,121,3615,26.0,2665,32.0,6.0,20.684570009313877,28.104625892579943
384,CHOLAFIN,Mar 2024,19163,9231,5385.0,4548.0,24,255,198,4605,26.0,3420,41.0,5.0,17.846892448990243,28.10102802275218
385,CHOLAFIN,TTM,22502,10875,6452.0,5175.0,23,248,243,5180,,3852,46.0,,17.118478357479336,28.673006843836102
386,CIPLA,Mar 2013,8279,34,6065.0,2214.0,27,245,330,2095,26.0,1545,19.0,10.0,18.661674115231307,73.25763981157145
387,CIPLA,Mar 2014,10173,146,8026.0,2147.0,21,251,373,1880,25.0,1404,17.0,12.0,13.80123857269242,78.89511451882434
388,CIPLA,Mar 2015,11345,168,9183.0,2163.0,19,164,505,1654,24.0,1229,15.0,14.0,10.832966064345527,80.94314676068753
389,CIPLA,Mar 2016,13790,207,11310.0,2480.0,18,208,754,1727,19.0,1383,17.0,12.0,10.029006526468455,82.01595358955765
390,CIPLA,Mar 2017,14394,159,11898.0,2496.0,17,208,1323,1222,15.0,1035,13.0,16.0,7.190496040016674,82.65944143393081
391,CIPLA,Mar 2018,15156,114,12329.0,2826.0,19,280,1323,1669,15.0,1417,18.0,17.0,9.349432567959884,81.3473211929269
392,CIPLA,Mar 2019,16362,168,13265.0,3097.0,19,477,1326,2079,27.0,1492,19.0,16.0,9.118689646742451,81.07199608849774
393,CIPLA,Mar 2020,17132,197,13926.0,3206.0,19,344,1175,2178,29.0,1500,19.0,21.0,8.755545178613122,81.28648143824422
394,CIPLA,Mar 2021,19160,161,14907.0,4252.0,22,266,1068,3290,27.0,2389,30.0,17.0,12.468684759916492,77.80271398747391
395,CIPLA,Mar 2022,21763,106,17211.0,4553.0,21,99,1052,3493,27.0,2547,31.0,16.0,11.703349722005237,79.08376602490466
396,CIPLA,Mar 2023,22753,110,17726.0,5027.0,22,293,1172,4038,30.0,2833,35.0,24.0,12.45110534874522,77.90621017008746
397,CIPLA,Mar 2024,25774,90,19483.0,6291.0,24,552,1051,5702,27.0,4154,51.0,25.0,16.11701714906495,75.59168153953597
398,CIPLA,TTM,26981,66,20075.0,6906.0,26,822,1087,6576,,4987,62.0,,18.48337719135688,74.40421037026054
399,COALINDIA,Mar 2013,68303,46,50216.0,18087.0,26,8752,1813,24979,31.0,17356,27.0,51.0,25.41030408620412,73.51946473800565
400,COALINDIA,Mar 2014,70608,59,52842.0,17766.0,25,7169,1996,22880,34.0,15112,24.0,121.0,21.402673917969636,74.83854520734195
401,COALINDIA,Mar 2015,74120,9,56777.0,17343.0,23,6570,2320,21584,36.0,13727,22.0,95.0,18.519967620075555,76.60145709660011
402,COALINDIA,Mar 2016,77861,388,59147.0,18714.0,24,5939,2826,21440,33.0,14267,23.0,121.0,18.323679377351947,75.96486045645446
403,COALINDIA,Mar 2017,78164,410,65716.0,12448.0,16,5316,2907,14446,36.0,9280,15.0,133.0,11.872473261347935,84.0745100046057
404,COALINDIA,Mar 2018,85244,430,75956.0,9288.0,11,4975,3063,10770,35.0,7038,11.0,146.0,8.25629956360565,89.10421847871991
405,COALINDIA,Mar 2019,99586,264,74579.0,25007.0,25,5834,3450,27127,36.0,17464,28.0,46.0,17.536601530335588,74.88904062820076
406,COALINDIA,Mar 2020,96080,503,74500.0,21581.0,22,6444,3451,24071,31.0,16700,27.0,44.0,17.38134887593672,77.53955037468776
407,COALINDIA,Mar 2021,90026,642,71398.0,18628.0,21,3742,3718,18009,29.0,12702,21.0,78.0,14.109257325661476,79.3081998533757
408,COALINDIA,Mar 2022,109715,541,84995.0,24721.0,23,3866,4429,23616,26.0,17378,28.0,60.0,15.839219796746114,77.46889668687052
409,COALINDIA,Mar 2023,138252,684,94020.0,44232.0,32,6560,6833,43275,27.0,31723,52.0,47.0,22.94578016954547,68.00624945751237
410,COALINDIA,Mar 2024,142324,819,94352.0,47971.0,34,8396,6735,48813,23.0,37369,61.0,42.0,26.25628846856468,66.29380849329698
411,COALINDIA,TTM,140328,875,93717.0,46610.0,33,8145,8357,45523,,34350,56.0,,24.47836497349068,66.78424833247819
568,HDFCBANK,Mar 2013,35861,19695,12631.0,3534.0,10,7133,663,10004,31.0,6903,14.0,19.0,19.249323777920306,35.22210758205293
569,HDFCBANK,Mar 2014,42555,23445,13508.0,5602.0,13,8298,689,13211,34.0,8768,18.0,19.0,20.60392433321584,31.742450945834804
570,HDFCBANK,Mar 2015,50666,27288,16164.0,7214.0,14,9546,680,16079,33.0,10703,21.0,19.0,21.12462006079027,31.903051355938892
571,HDFCBANK,Mar 2016,63162,34070,20055.0,9037.0,14,11212,738,19511,34.0,12821,25.0,19.0,20.298597257844907,31.751686140400874
572,HDFCBANK,Mar 2017,73271,38042,23856.0,11374.0,16,12905,886,23393,35.0,15317,30.0,18.0,20.904587080836894,32.558583887213224
573,HDFCBANK,Mar 2018,85288,42381,29532.0,13374.0,16,16057,967,28464,35.0,18561,36.0,18.0,21.76273332708001,34.62620767282619
574,HDFCBANK,Mar 2019,105161,53713,34856.0,16592.0,16,18947,1221,34318,35.0,22446,41.0,18.0,21.34441475451926,33.145367579235646
575,HDFCBANK,Mar 2020,122189,62137,45459.0,14593.0,12,24879,1277,38195,29.0,27296,50.0,5.0,22.339163099788035,37.203839952859916
576,HDFCBANK,Mar 2021,128552,59248,52457.0,16848.0,13,27333,1385,42796,26.0,31857,58.0,11.0,24.78141141328023,40.80605513722074
577,HDFCBANK,Mar 2022,135936,58584,56557.0,20795.0,15,31759,1681,50873,25.0,38151,69.0,23.0,28.06541313559322,41.60560852165725
578,HDFCBANK,Mar 2023,170754,77780,63042.0,29932.0,18,33912,2345,61498,25.0,46149,82.0,23.0,27.026599669700268,36.91977933167012
579,HDFCBANK,Mar 2024,283649,154139,174196.0,-44685.0,-16,124346,3092,76569,15.0,65446,84.0,23.0,23.07288232992184,61.41252040373843
580,HDFCBANK,TTM,329022,180600,206009.0,-57587.0,-18,146017,0,88430,,72168,91.0,,21.934095592391998,62.61253046908717
581,HDFCLIFE,Mar 2013,14060,15,13535.0,525.0,4,28,35,502,11.0,447,2.0,0.0,3.1792318634423897,96.26600284495022
582,HDFCLIFE,Mar 2014,17166,11,16561.0,605.0,4,241,41,794,9.0,725,4.0,14.0,4.223464988931609,96.47559128509845
583,HDFCLIFE,Mar 2015,27215,-14,26341.0,874.0,3,79,43,924,15.0,786,4.0,18.0,2.8881131728826013,96.78853573397024
584,HDFCLIFE,Mar 2016,18141,8,17187.0,953.0,5,108,45,1008,19.0,817,4.0,22.0,4.503610605810043,94.74119398048619
585,HDFCLIFE,Mar 2017,30647,9,29674.0,972.0,3,139,41,1061,16.0,887,4.0,25.0,2.8942473977877117,96.82513786014944
586,HDFCLIFE,Mar 2018,32260,11,31186.0,1074.0,3,282,44,1300,15.0,1107,6.0,25.0,3.4314941103533787,96.67079975201489
587,HDFCLIFE,Mar 2019,38855,14,37640.0,1215.0,3,136,45,1291,1.0,1278,6.0,26.0,3.289151975292755,96.87298931926392
588,HDFCLIFE,Mar 2020,29380,0,28239.0,1141.0,4,369,47,1463,11.0,1297,6.0,0.0,4.414567733151804,96.11640571817563
589,HDFCLIFE,Mar 2021,71528,0,70294.0,1235.0,2,445,51,1629,16.0,1361,7.0,30.0,1.9027513700928307,98.27480147634493
590,HDFCLIFE,Mar 2022,67126,0,66348.0,778.0,1,766,56,1487,11.0,1327,6.0,27.0,1.976879301611894,98.84098560915294
591,HDFCLIFE,Mar 2023,70207,0,70127.0,80.0,0,1437,76,1441,5.0,1368,6.0,30.0,1.9485236514877435,99.88605124845101
592,HDFCLIFE,Mar 2024,101482,0,100951.0,531.0,1,525,79,977,-61.0,1574,7.0,27.0,1.5510139729213062,99.47675449833469
593,HDFCLIFE,TTM,100772,0,100048.0,725.0,1,514,0,1239,,1747,8.0,,1.7336164807684673,99.28154646131861
594,HEROMOTOCO,Mar 2014,25275,12,21722.0,3553.0,14,430,1107,2864,26.0,2102,105.0,62.0,8.316518298714143,85.94263105835806
595,HEROMOTOCO,Mar 2015,27538,12,24018.0,3520.0,13,325,540,3292,29.0,2364,118.0,51.0,8.584501416224853,87.21766286585809
596,HEROMOTOCO,Mar 2016,28457,15,24033.0,4424.0,16,421,443,4387,29.0,3112,157.0,46.0,10.935797870471237,84.45373721755631
597,HEROMOTOCO,Mar 2017,28610,27,24025.0,4585.0,16,830,502,4885,27.0,3546,179.0,47.0,12.394267738552953,83.9741349178609
598,HEROMOTOCO,Mar 2018,32458,31,27124.0,5334.0,16,564,575,5292,30.0,3722,186.0,51.0,11.467126748413333,83.56645511122065
599,HEROMOTOCO,Mar 2019,33971,37,28946.0,5025.0,15,741,624,5104,32.0,3466,172.0,50.0,10.202820052397634,85.2079715051073
600,HEROMOTOCO,Mar 2020,29254,47,25184.0,4070.0,14,1434,846,4611,21.0,3659,182.0,49.0,12.50769125589663,86.0873726669857
601,HEROMOTOCO,Mar 2021,30959,46,26902.0,4058.0,13,553,715,3849,24.0,2936,146.0,72.0,9.483510449303918,86.89557156238897
602,HEROMOTOCO,Mar 2022,29551,53,26295.0,3256.0,11,545,690,3058,24.0,2329,116.0,82.0,7.881289973266556,88.98176034651958
603,HEROMOTOCO,Mar 2023,34158,105,30060.0,4099.0,12,567,697,3864,28.0,2800,141.0,71.0,8.197201241290474,88.00281046899701
604,HEROMOTOCO,Mar 2024,37789,76,32554.0,5235.0,14,689,757,5090,26.0,3742,187.0,75.0,9.902352536452407,86.14676228532112
605,HEROMOTOCO,TTM,40098,68,34537.0,5561.0,14,929,802,5620,,4133,207.0,,10.307247244251585,86.13147787919597
606,HINDALCO,Mar 2013,80193,2079,72494.0,7699.0,10,1111,2822,3909,23.0,3007,16.0,6.0,3.749703839487237,90.39941141994937
607,HINDALCO,Mar 2014,87695,2702,79671.0,8024.0,9,677,3347,2653,20.0,2195,11.0,9.0,2.5029933291521753,90.85010547921775
608,HINDALCO,Mar 2015,104281,4178,95437.0,8844.0,8,-832,3493,340,75.0,259,4.0,24.0,0.248367391950595,91.51906867022755
609,HINDALCO,Mar 2016,98759,5134,90981.0,7778.0,8,1500,4347,-203,99.0,-702,-1.0,-82.0,-0.7108212922366569,92.12426209256877
610,HINDALCO,Mar 2017,100184,5742,87867.0,12317.0,12,1198,4457,3315,43.0,1882,8.0,13.0,1.8785434799968057,87.70562165615267
611,HINDALCO,Mar 2018,115183,3911,101488.0,13695.0,12,2879,4506,8157,25.0,6083,27.0,4.0,5.281161282480921,88.1102245991162
612,HINDALCO,Mar 2019,130542,3778,115031.0,15511.0,12,1127,4777,8083,32.0,5495,24.0,5.0,4.209373228539474,88.11800033705627
613,HINDALCO,Mar 2020,118144,4197,103838.0,14306.0,12,906,5091,5924,36.0,3767,17.0,6.0,3.188481852654388,87.89104821235102
614,HINDALCO,Mar 2021,132008,3738,114449.0,17559.0,13,-987,6628,6206,44.0,3483,16.0,19.0,2.6384764559723655,86.69853342221684
615,HINDALCO,Mar 2022,195059,3768,166712.0,28347.0,15,1253,6729,19103,28.0,13730,61.0,6.0,7.038895923797416,85.46747394378112
616,HINDALCO,Mar 2023,223202,3646,200536.0,22666.0,10,1307,7086,13241,24.0,10097,45.0,7.0,4.523704984722359,89.84507307282192
617,HINDALCO,Mar 2024,215962,3858,192090.0,23872.0,11,1519,7521,14012,28.0,10155,45.0,8.0,4.702216130615571,88.94620349876368
618,HINDALCO,TTM,224018,3560,196087.0,27931.0,12,1300,7716,17955,,12488,56.0,,5.574552044924961,87.53180547991678
619,HINDUNILVR,Mar 2013,27004,26,22784.0,4220.0,16,1123,251,5066,24.0,3839,18.0,104.0,14.216412383350615,84.37268552806991
620,HINDUNILVR,Mar 2014,29234,41,24475.0,4759.0,16,792,296,5215,24.0,3956,18.0,71.0,13.532188547581583,83.72100978312923
621,HINDUNILVR,Mar 2015,31972,18,26560.0,5412.0,17,1247,322,6320,31.0,4376,20.0,74.0,13.68697610409108,83.07268860252721
622,HINDUNILVR,Mar 2016,32186,17,26276.0,5910.0,18,486,353,6026,31.0,4151,19.0,83.0,12.896911700739452,81.63797924563475
623,HINDUNILVR,Mar 2017,33162,35,26834.0,6328.0,19,606,432,6467,31.0,4490,21.0,82.0,13.539593510644716,80.91791809902901
624,HINDUNILVR,Mar 2018,35545,26,28046.0,7499.0,21,353,520,7306,28.0,5227,24.0,83.0,14.705303136868759,78.90279926853285
625,HINDUNILVR,Mar 2019,39310,33,30430.0,8880.0,23,322,565,8604,30.0,6060,28.0,78.0,15.41592470109387,77.41032816077335
626,HINDUNILVR,Mar 2020,39783,118,29922.0,9861.0,25,424,1002,9165,26.0,6756,31.0,80.0,16.982128044642185,75.21303069150139
627,HINDUNILVR,Mar 2021,47028,117,35402.0,11626.0,25,170,1074,10605,25.0,7999,34.0,119.0,17.00901590541805,75.27855745513311
628,HINDUNILVR,Mar 2022,52446,106,39589.0,12857.0,25,219,1091,11879,25.0,8892,38.0,90.0,16.954581855622926,75.48526103039318
629,HINDUNILVR,Mar 2023,60580,114,46433.0,14147.0,23,448,1137,13344,24.0,10143,43.0,91.0,16.743149554308353,76.64740838560581
630,HINDUNILVR,Mar 2024,61896,334,47237.0,14659.0,24,817,1216,13926,26.0,10282,44.0,96.0,16.611735814915342,76.31672482874498
631,HINDUNILVR,TTM,62661,420,47902.0,14759.0,24,1461,1328,14472,,10757,46.0,,17.16697786501971,76.44627439715293
632,ICICIBANK,Mar 2013,44885,28285,31684.0,-15085.0,-34,29320,625,13610,26.0,10130,15.0,24.0,22.568786899855187,70.58928372507519
633,ICICIBANK,Mar 2014,49479,29711,32852.0,-13084.0,-26,30085,719,16282,28.0,11677,17.0,24.0,23.599911073384668,66.39584470179268
634,ICICIBANK,Mar 2015,54964,32318,38766.0,-16120.0,-29,35252,798,18334,29.0,12942,19.0,24.0,23.546321228440434,70.52980132450331
635,ICICIBANK,Mar 2016,59294,33996,52252.0,-26955.0,-45,42102,843,14304,24.0,10927,16.0,29.0,18.428508786723782,88.12358754680069
636,ICICIBANK,Mar 2017,60940,34836,63841.0,-37737.0,-62,52458,912,13809,18.0,11340,16.0,14.0,18.608467344929437,104.76042008532984
637,ICICIBANK,Mar 2018,62162,34262,72806.0,-44906.0,-72,56807,922,10978,17.0,9100,12.0,12.0,14.63916862391815,117.12300119043788
638,ICICIBANK,Mar 2019,71982,39178,83775.0,-50971.0,-71,59325,946,7408,23.0,5689,7.0,15.0,7.903364730071407,116.38326248228724
639,ICICIBANK,Mar 2020,84836,44666,85361.0,-45190.0,-53,64950,1171,18589,40.0,11225,15.0,0.0,13.231411193361309,100.6188410580414
640,ICICIBANK,Mar 2021,89163,42659,91309.0,-44805.0,-50,72174,1340,26028,22.0,20364,27.0,8.0,22.83907001783251,102.40682794432668
641,ICICIBANK,Mar 2022,95407,41167,80798.0,-26558.0,-28,62129,1330,34241,25.0,26538,36.0,14.0,27.815569088222038,84.68770635278334
642,ICICIBANK,Mar 2023,121067,50543,87864.0,-17341.0,-14,65112,1515,46256,26.0,35461,49.0,16.0,29.290392922926973,72.57469004765956
643,ICICIBANK,Mar 2024,159516,74108,99560.0,-14152.0,-9,76522,1935,60434,26.0,46081,63.0,16.0,28.888011233982798,62.41380175029464
644,ICICIBANK,TTM,180551,86404,125722.0,-31575.0,-17,101817,0,70242,,52416,70.0,,29.031132477804057,69.63240303293806
645,ICICIGI,Mar 2013,4012,8,4191.0,-178.0,-4,586,49,351,0.0,353,8.0,0.0,8.798604187437686,104.46161515453637
646,ICICIGI,Mar 2014,4352,9,4578.0,-225.0,-5,817,50,533,3.0,520,12.0,0.0,11.948529411764707,105.19301470588236
647,ICICIGI,Mar 2015,4234,12,4456.0,-221.0,-5,992,54,705,17.0,585,13.0,15.0,13.816721776098253,105.24326877657062
648,ICICIGI,Mar 2016,6033,0,5269.0,764.0,13,0,57,708,28.0,507,11.0,26.0,8.403779214321233,87.33631692358695
649,ICICIGI,Mar 2017,7520,0,6601.0,919.0,12,-2,7,910,23.0,702,16.0,22.0,9.335106382978724,87.77925531914894
650,ICICIGI,Mar 2018,6912,59,7174.0,-262.0,-4,1569,51,1196,28.0,862,19.0,17.0,12.471064814814815,103.79050925925925
651,ICICIGI,Mar 2019,11163,70,9494.0,1669.0,15,-2,0,1598,34.0,1049,23.0,26.0,9.39711547075159,85.04882200125414
652,ICICIGI,Mar 2020,11517,0,9745.0,1772.0,15,15,90,1697,30.0,1194,26.0,13.0,10.367283146652774,84.61404879742989
653,ICICIGI,Mar 2021,12161,0,10090.0,2072.0,17,12,130,1954,25.0,1473,32.0,25.0,12.112490749116027,82.97015048104596
654,ICICIGI,Mar 2022,16026,0,15010.0,1016.0,6,809,141,1684,24.0,1271,26.0,35.0,7.93086234868339,93.660302009235
655,ICICIGI,Mar 2023,17876,0,16612.0,1264.0,7,991,142,2113,18.0,1729,35.0,31.0,9.672186171402998,92.92906690534795
656,ICICIGI,Mar 2024,20487,0,17910.0,2577.0,13,112,134,2555,25.0,1919,39.0,28.0,9.366915605017816,87.42129155073948
657,ICICIGI,TTM,23301,0,19938.0,3363.0,14,-12,0,3351,,2518,51.0,,10.806403158662718,85.5671430410712
658,ICICIPRULI,Mar 2013,20025,14,19280.0,745.0,4,900,41,1591,5.0,1515,11.0,32.0,7.5655430711610485,96.27965043695382
659,ICICIPRULI,Mar 2014,21888,15,20384.0,1504.0,7,129,47,1572,1.0,1561,11.0,70.0,7.131761695906433,93.12865497076024
660,ICICIPRULI,Mar 2015,34453,17,32798.0,1655.0,5,43,40,1642,0.0,1640,11.0,51.0,4.760107973180855,95.1963544538937
661,ICICIPRULI,Mar 2016,20849,0,19008.0,1842.0,9,0,0,1842,10.0,1650,12.0,73.0,7.91404863542616,91.16984028010936
662,ICICIPRULI,Mar 2017,37816,15,36010.0,1806.0,5,130,58,1863,10.0,1682,12.0,63.0,4.447852760736196,95.22424370636767
663,ICICIPRULI,Mar 2018,38832,20,37062.0,1771.0,5,132,44,1839,12.0,1619,11.0,59.0,4.169241862381541,95.44190358467245
664,ICICIPRULI,Mar 2019,41463,23,40922.0,541.0,1,813,57,1274,11.0,1139,8.0,40.0,2.747027470274703,98.69522224634011
665,ICICIPRULI,Mar 2020,21025,0,21344.0,-319.0,-2,1578,61,1198,11.0,1067,7.0,11.0,5.074910820451843,101.51724137931035
666,ICICIPRULI,Mar 2021,83182,0,83572.0,-390.0,0,1669,60,1219,22.0,956,7.0,30.0,1.1492871053833762,100.46885143420452
667,ICICIPRULI,Mar 2022,63564,0,65728.0,-2163.0,-3,3191,67,961,21.0,759,5.0,10.0,1.194072116292241,103.40444276634572
668,ICICIPRULI,Mar 2023,50478,0,52235.0,-1757.0,-3,2925,84,1085,25.0,813,6.0,11.0,1.6106026387733272,103.48072427592219
669,ICICIPRULI,Mar 2024,90307,0,92136.0,-1829.0,-2,2970,113,1028,17.0,851,6.0,10.0,0.942341125272681,102.02531365231931
670,ICICIPRULI,TTM,77572,0,77251.0,321.0,0,933,0,1254,,974,7.0,,1.2556076934976539,99.5861908936214
697,INDUSINDBK,Mar 2013,6983,4750,1947.0,286.0,4,1363,73,1576,33.0,1061,20.0,15.0,15.194042675068022,27.881999140770443
698,INDUSINDBK,Mar 2014,8254,5363,2555.0,335.0,4,1891,98,2128,34.0,1408,27.0,13.0,17.058395929246426,30.95468863581294
699,INDUSINDBK,Mar 2015,9692,6272,3133.0,288.0,3,2548,127,2709,34.0,1794,34.0,12.0,18.510111432108957,32.32562938505985
700,INDUSINDBK,Mar 2016,11872,7355,4188.0,329.0,3,3297,157,3469,34.0,2286,38.0,12.0,19.255390835579515,35.27628032345013
701,INDUSINDBK,Mar 2017,14406,8343,5684.0,379.0,3,4171,191,4360,34.0,2868,48.0,13.0,19.908371511870055,39.455782312925166
702,INDUSINDBK,Mar 2018,17281,9783,6555.0,942.0,5,4750,212,5481,34.0,3606,60.0,12.0,20.866847983334296,37.931832648573575
703,INDUSINDBK,Mar 2019,22261,13415,9283.0,-437.0,-2,5647,229,4981,34.0,3301,55.0,14.0,14.82862405103095,41.70073222227214
704,INDUSINDBK,Mar 2020,28783,16724,12611.0,-553.0,-2,6951,278,6121,28.0,4418,64.0,0.0,15.349338150991903,43.81405690859187
705,INDUSINDBK,Mar 2021,29000,15472,15997.0,-2469.0,-9,6559,305,3784,25.0,2836,37.0,14.0,9.779310344827588,55.16206896551724
706,INDUSINDBK,Mar 2022,30822,15822,15840.0,-839.0,-3,7334,321,6174,25.0,4611,60.0,14.0,14.960093439750827,51.39186295503212
707,INDUSINDBK,Mar 2023,36368,18776,15525.0,2067.0,6,8166,373,9860,25.0,7390,95.0,15.0,20.320061592608887,42.68862736471624
708,INDUSINDBK,Mar 2024,45748,25132,17638.0,2978.0,7,9388,425,11942,25.0,8950,115.0,14.0,19.56369677362945,38.55469091544986
709,INDUSINDBK,TTM,49004,27577,20104.0,1323.0,3,9521,0,10844,,8122,104.0,,16.57415721165619,41.02522243082197
786,JIOFIN,Mar 2023,45,6,39.0,88.0,10,0,0,49,37.0,31,,0.0,68.88888888888889,86.66666666666667
815,KOTAKBANK,Mar 2013,10838,6024,6603.0,-1789.0,-17,5112,179,3144,30.0,2238,15.0,2.0,20.64956634065326,60.92452482007751
816,KOTAKBANK,Mar 2014,11986,6312,7053.0,-1379.0,-12,5282,208,3695,32.0,2527,16.0,2.0,21.08293008509928,58.84365092608043
817,KOTAKBANK,Mar 2015,13319,6966,9718.0,-3366.0,-25,8152,237,4550,33.0,3105,20.0,2.0,23.312561003078308,72.96343569337037
818,KOTAKBANK,Mar 2016,20402,11123,11541.0,-2263.0,-11,7631,345,5024,32.0,3524,19.0,3.0,17.27281639054995,56.567983531026364
819,KOTAKBANK,Mar 2017,22324,11458,14832.0,-3965.0,-18,11660,362,7332,32.0,5019,27.0,2.0,22.482530012542558,66.439706145852
820,KOTAKBANK,Mar 2018,25131,12467,16805.0,-4141.0,-16,13682,383,9158,33.0,6258,33.0,2.0,24.901516055867255,66.86960327881899
821,KOTAKBANK,Mar 2019,29831,15187,19758.0,-5114.0,-17,16148,458,10576,33.0,7204,38.0,2.0,24.149374811437767,66.2331132043847
822,KOTAKBANK,Mar 2020,33474,15901,22578.0,-5005.0,-15,16892,465,11422,25.0,8593,45.0,0.0,25.670669773555595,67.44936368524826
823,KOTAKBANK,Mar 2021,32820,12967,29812.0,-9958.0,-30,23588,461,13168,25.0,9990,50.0,2.0,30.438756855575868,90.83485679463742
824,KOTAKBANK,Mar 2022,33741,11554,30699.0,-8512.0,-25,24941,480,15948,25.0,12089,61.0,2.0,35.82881360955514,90.98426246999199
825,KOTAKBANK,Mar 2023,42151,14411,33485.0,-5746.0,-14,25991,599,19646,25.0,14925,75.0,2.0,35.40841261180043,79.44058266707789
826,KOTAKBANK,Mar 2024,56237,22567,47052.0,-13382.0,-24,38037,792,23863,25.0,18213,92.0,2.0,32.386151466116615,83.66733645109092
827,KOTAKBANK,TTM,64053,27327,50872.0,-14146.0,-22,43559,0,29413,,22530,113.0,,35.173996534120185,79.42172888077062
1131,SUNPHARMA,Mar 2024,48497,35479,13018.0,28.0,865,238,2557,11088,13.0,9610,40.0,34.0,19.815658700538176,26.84289749881436
1362,INDIGO,Mar 2013,9203,73,8348.0,855.0,9,296,86,993,21.0,787,25647.0,70.0,8.551559274149733,90.7095512332935
1363,INDIGO,Mar 2014,11117,123,10684.0,433.0,4,391,226,475,0.0,474,15454.0,80.0,4.263740217684627,96.10506431591257
1364,INDIGO,Mar 2015,13925,150,12022.0,1904.0,14,395,302,1847,29.0,1304,42481.0,83.0,9.364452423698385,86.33393177737881
1365,INDIGO,Mar 2016,16140,350,12976.0,3164.0,20,515,505,2824,30.0,1986,55.0,27.0,12.304832713754648,80.39653035935564
1366,INDIGO,Mar 2017,18580,406,16362.0,2219.0,12,789,457,2144,23.0,1659,46.0,74.0,8.928955866523143,88.06243272335846
1367,INDIGO,Mar 2018,23021,413,19991.0,3030.0,13,947,437,3127,28.0,2242,58.0,10.0,9.738934016767299,86.8381043395161
1368,INDIGO,Mar 2019,28497,563,28648.0,-151.0,-1,1325,760,-149,-99.0,156,4.0,123.0,0.547426044846826,100.52988033828123
1369,INDIGO,Mar 2020,35756,1902,31687.0,4069.0,11,1531,3974,-275,-10.0,-248,-6.0,0.0,-0.69358988701197,88.62009173285603
1370,INDIGO,Mar 2021,14641,2170,14638.0,2.0,0,1036,4699,-5830,0.0,-6171,-151.0,0.0,-42.14876033057851,99.97950959633904
1371,INDIGO,Mar 2022,25931,2386,25373.0,558.0,2,725,5068,-6171,0.0,-317,-160.0,0.0,-1.2224750298870077,97.84813543635032
1372,INDIGO,Mar 2023,54446,3168,47926.0,6521.0,12,1431,5101,-317,0.0,-317,-8.0,0.0,-0.582228262865959,88.02483194357713
1373,INDIGO,Mar 2024,68904,4805,52573.0,16331.0,24,2326,6406,8043,-2.0,8167,212.0,0.0,11.852722628584697,76.29890862649484
1374,INDIGO,TTM,76476,0,60568.0,15908.0,21,3034,7955,6182,,6074,157.0,,7.942361002144463,79.1987028610283
